--
-- Script was generated by Devart dbForge Studio for SQL Server, Version 5.4.273.0
-- Product home page: http://devart.com/dbforge/sql/studio
-- Script date 29/01/2020 09:30:55
-- Server version: 11.00.3000
-- Client version: 
--



USE Meti
GO

IF DB_NAME() <> N'Meti' SET NOEXEC ON
GO

--
-- Create table [dbo].[registry]
--
PRINT (N'Create table [dbo].[registry]')
GO
CREATE TABLE dbo.registry (
  Id uniqueidentifier NOT NULL,
  Firstname nvarchar(255) NULL,
  Surname nvarchar(255) NULL,
  Sex int NULL,
  RegistryType int NULL,
  MobilePhone nvarchar(255) NULL,
  Phone nvarchar(255) NULL,
  Email nvarchar(255) NULL,
  BirthDate datetime NULL,
  BirthPlace nvarchar(255) NULL,
  MunicipalityPlace nvarchar(255) NULL,
  MunicipalityPlaceAddress nvarchar(255) NULL,
  MunicipalityPlaceCap nvarchar(255) NULL,
  DomicilePlace nvarchar(255) NULL,
  DomicilePlaceAddress nvarchar(255) NULL,
  DomicilePlaceCap nvarchar(255) NULL,
  Latitude nvarchar(255) NULL,
  Longitude nvarchar(255) NULL,
  LatitudeLast nvarchar(255) NULL,
  LongitudeLast nvarchar(255) NULL,
  LifeStyle int NULL,
  BloodGroup int NULL,
  Allergy nvarchar(2000) NULL,
  Intollerance nvarchar(2000) NULL,
  Diagnosis nvarchar(2000) NULL,
  PreviousIllnesses nvarchar(2000) NULL,
  NextMedicalHistory nvarchar(2000) NULL,
  RemoteAnamnesis nvarchar(2000) NULL,
  Diet nvarchar(2000) NULL,
  PathologiesInProgress nvarchar(2000) NULL,
  Note nvarchar(2000) NULL,
  Weight nvarchar(255) NULL,
  Height nvarchar(255) NULL,
  RegionalMedicalCode nvarchar(255) NULL,
  InsertDate datetime NULL,
  UpdateDate datetime NULL,
  InsertUser nvarchar(255) NULL,
  UpdateUser nvarchar(255) NULL,
  PRIMARY KEY CLUSTERED (Id)
)
ON [PRIMARY]
GO

--
-- Create table [dbo].[processInstances]
--
PRINT (N'Create table [dbo].[processInstances]')
GO
CREATE TABLE dbo.processInstances (
  Id uniqueidentifier NOT NULL,
  Name nvarchar(255) NULL,
  Patient_Id uniqueidentifier NULL,
  Process_Id uniqueidentifier NULL,
  ProcessInstanceState int NULL,
  ReOpenDate datetime NULL,
  ReOpenFrom nvarchar(255) NULL,
  CloseDate datetime NULL,
  CloseFrom nvarchar(255) NULL,
  InsertDate datetime NULL,
  UpdateDate datetime NULL,
  InsertUser nvarchar(255) NULL,
  UpdateUser nvarchar(255) NULL,
  PRIMARY KEY CLUSTERED (Id)
)
ON [PRIMARY]
GO

--
-- Create table [dbo].[process]
--
PRINT (N'Create table [dbo].[process]')
GO
CREATE TABLE dbo.process (
  Id uniqueidentifier NOT NULL,
  Name nvarchar(255) NULL,
  IsEnabled bit NULL,
  ProcessType int NULL,
  InsertDate datetime NULL,
  UpdateDate datetime NULL,
  InsertUser nvarchar(255) NULL,
  UpdateUser nvarchar(255) NULL,
  PRIMARY KEY CLUSTERED (Id)
)
ON [PRIMARY]
GO

--
-- Create table [dbo].[parameters]
--
PRINT (N'Create table [dbo].[parameters]')
GO
CREATE TABLE dbo.parameters (
  Id uniqueidentifier NOT NULL,
  Name nvarchar(255) NULL,
  Process_Id uniqueidentifier NULL,
  Frequency int NULL,
  FrequencyType int NULL,
  IsEnabled bit NULL,
  InsertDate datetime NULL,
  UpdateDate datetime NULL,
  InsertUser nvarchar(255) NULL,
  UpdateUser nvarchar(255) NULL,
  PRIMARY KEY CLUSTERED (Id)
)
ON [PRIMARY]
GO

--
-- Create table [dbo].[matesharp_users]
--
PRINT (N'Create table [dbo].[matesharp_users]')
GO
CREATE TABLE dbo.matesharp_users (
  Id uniqueidentifier NOT NULL,
  Firstname nvarchar(50) NULL,
  Surname nvarchar(50) NULL,
  UserName nvarchar(50) NOT NULL,
  Email nvarchar(255) NULL,
  Password nvarchar(500) NULL,
  AccessFailedCount int NULL,
  FileName nvarchar(255) NULL,
  ImgFilePath nvarchar(255) NULL,
  InsertDate datetime NULL,
  PRIMARY KEY CLUSTERED (Id)
)
ON [PRIMARY]
GO

--
-- Create table [dbo].[matesharp_roles]
--
PRINT (N'Create table [dbo].[matesharp_roles]')
GO
CREATE TABLE dbo.matesharp_roles (
  Id int NOT NULL,
  Name nvarchar(50) NOT NULL,
  Description nvarchar(2000) NULL,
  InsertDate datetime NULL,
  PRIMARY KEY CLUSTERED (Id)
)
ON [PRIMARY]
GO

--
-- Create table [dbo].[matesharp_claims]
--
PRINT (N'Create table [dbo].[matesharp_claims]')
GO
CREATE TABLE dbo.matesharp_claims (
  Id int NOT NULL,
  Name nvarchar(50) NOT NULL,
  EntityName nvarchar(50) NULL,
  EntityId nvarchar(255) NULL,
  Description nvarchar(2000) NULL,
  InsertDate datetime NULL,
  PRIMARY KEY CLUSTERED (Id)
)
ON [PRIMARY]
GO

--
-- Create table [dbo].[inviteFriends]
--
PRINT (N'Create table [dbo].[inviteFriends]')
GO
CREATE TABLE dbo.inviteFriends (
  Id uniqueidentifier NOT NULL,
  Email nvarchar(500) NULL,
  Surname nvarchar(500) NULL,
  Firstname nvarchar(500) NULL,
  ShowPeso bit NULL,
  ShowGlicemia bit NULL,
  ShowFrequenza bit NULL,
  ShowPressione bit NULL,
  ShowTemperatura bit NULL,
  ProcessInstance_Id uniqueidentifier NULL,
  InsertDate datetime NULL,
  UpdateDate datetime NULL,
  InsertUser nvarchar(255) NULL,
  UpdateUser nvarchar(255) NULL,
  PRIMARY KEY CLUSTERED (Id)
)
ON [PRIMARY]
GO

--
-- Create table [dbo].[healthRisks]
--
PRINT (N'Create table [dbo].[healthRisks]')
GO
CREATE TABLE dbo.healthRisks (
  Id uniqueidentifier NOT NULL,
  Type int NULL,
  Level int NULL,
  Rating nvarchar(255) NULL,
  StartDate datetime NULL,
  EndDate datetime NULL,
  Registry_Id uniqueidentifier NULL,
  InsertDate datetime NULL,
  UpdateDate datetime NULL,
  InsertUser nvarchar(255) NULL,
  UpdateUser nvarchar(255) NULL,
  PRIMARY KEY CLUSTERED (Id)
)
ON [PRIMARY]
GO

--
-- Create table [dbo].[files]
--
PRINT (N'Create table [dbo].[files]')
GO
CREATE TABLE dbo.files (
  Id uniqueidentifier NOT NULL,
  FilepathPhysical nvarchar(500) NULL,
  FilepathVirtual nvarchar(500) NULL,
  Name nvarchar(500) NULL,
  Type nvarchar(500) NULL,
  Size nvarchar(500) NULL,
  InsertDate datetime NULL,
  UpdateDate datetime NULL,
  InsertUser nvarchar(255) NULL,
  UpdateUser nvarchar(255) NULL,
  PRIMARY KEY CLUSTERED (Id)
)
ON [PRIMARY]
GO

--
-- Create table [dbo].[devices]
--
PRINT (N'Create table [dbo].[devices]')
GO
CREATE TABLE dbo.devices (
  Id uniqueidentifier NOT NULL,
  Name nvarchar(255) NULL,
  Macaddress nvarchar(255) NULL,
  IsEnabled bit NULL,
  InsertDate datetime NULL,
  UpdateDate datetime NULL,
  InsertUser nvarchar(255) NULL,
  UpdateUser nvarchar(255) NULL,
  PRIMARY KEY CLUSTERED (Id)
)
ON [PRIMARY]
GO

--
-- Create table [dbo].[deviceErrorLogs]
--
PRINT (N'Create table [dbo].[deviceErrorLogs]')
GO
CREATE TABLE dbo.deviceErrorLogs (
  Id uniqueidentifier NOT NULL,
  Error nvarchar(2000) NULL,
  DeviceId nvarchar(255) NULL,
  ProcessInstanceId uniqueidentifier NULL,
  InsertDate datetime NULL,
  UpdateDate datetime NULL,
  InsertUser nvarchar(255) NULL,
  UpdateUser nvarchar(255) NULL,
  PRIMARY KEY CLUSTERED (Id)
)
ON [PRIMARY]
GO

--
-- Create table [dbo].[alarms]
--
PRINT (N'Create table [dbo].[alarms]')
GO
CREATE TABLE dbo.alarms (
  Id uniqueidentifier NOT NULL,
  Name nvarchar(255) NULL,
  Parameter_Id uniqueidentifier NULL,
  AlarmColor int NULL,
  Emails nvarchar(255) NULL,
  SmsNumbers nvarchar(255) NULL,
  ContactOperator bit NULL,
  IsEnabled bit NULL,
  HelpMessage nvarchar(max) NULL,
  InsertDate datetime NULL,
  UpdateDate datetime NULL,
  InsertUser nvarchar(255) NULL,
  UpdateUser nvarchar(255) NULL,
  PRIMARY KEY CLUSTERED (Id)
)
ON [PRIMARY]
TEXTIMAGE_ON [PRIMARY]
GO

--
-- Create table [dbo].[alarmMetrics]
--
PRINT (N'Create table [dbo].[alarmMetrics]')
GO
CREATE TABLE dbo.alarmMetrics (
  Id uniqueidentifier NOT NULL,
  Metric nvarchar(255) NULL,
  ThresholdMin decimal(10, 4) NULL,
  ThresholdMax decimal(10, 4) NULL,
  Device_Id uniqueidentifier NULL,
  Alarm_Id uniqueidentifier NULL,
  InsertDate datetime NULL,
  UpdateDate datetime NULL,
  InsertUser nvarchar(255) NULL,
  UpdateUser nvarchar(255) NULL,
  PRIMARY KEY CLUSTERED (Id)
)
ON [PRIMARY]
GO

--
-- Create table [dbo].[alarmFired]
--
PRINT (N'Create table [dbo].[alarmFired]')
GO
CREATE TABLE dbo.alarmFired (
  Id uniqueidentifier NOT NULL,
  AlarmColor int NULL,
  Result nvarchar(255) NULL,
  Parameter_Id uniqueidentifier NULL,
  ProcessInstance_Id uniqueidentifier NULL,
  Alarm_Id uniqueidentifier NULL,
  IsActive bit NULL,
  ResolvingNotes nvarchar(max) NULL,
  Latitude nvarchar(1000) NULL,
  Longitude nvarchar(1000) NULL,
  IsFall bit NULL,
  IsFallNoResponse bit NULL,
  Patient nvarchar(255) NULL,
  Feedback nvarchar(255) NULL,
  FeedbackDate datetime NULL,
  FeedbackBy nvarchar(255) NULL,
  PatientFeedback nvarchar(255) NULL,
  InsertDate datetime NULL,
  UpdateDate datetime NULL,
  InsertUser nvarchar(255) NULL,
  UpdateUser nvarchar(255) NULL,
  PRIMARY KEY CLUSTERED (Id)
)
ON [PRIMARY]
TEXTIMAGE_ON [PRIMARY]
GO

--
-- Create table [dbo].[processInstanceReferencePerson_joint]
--
PRINT (N'Create table [dbo].[processInstanceReferencePerson_joint]')
GO
CREATE TABLE dbo.processInstanceReferencePerson_joint (
  ProcessInstance_Id uniqueidentifier NULL,
  ReferencePerson_Id uniqueidentifier NOT NULL
)
ON [PRIMARY]
GO

--
-- Create table [dbo].[processInstanceDoctor_joint]
--
PRINT (N'Create table [dbo].[processInstanceDoctor_joint]')
GO
CREATE TABLE dbo.processInstanceDoctor_joint (
  ProcessInstance_Id uniqueidentifier NULL,
  Doctor_Id uniqueidentifier NOT NULL
)
ON [PRIMARY]
GO

--
-- Create table [dbo].[matesharp_userRole_Joint]
--
PRINT (N'Create table [dbo].[matesharp_userRole_Joint]')
GO
CREATE TABLE dbo.matesharp_userRole_Joint (
  Role_Id int NOT NULL,
  User_Id uniqueidentifier NOT NULL
)
ON [PRIMARY]
GO

--
-- Create table [dbo].[matesharp_roleClaim_Joint]
--
PRINT (N'Create table [dbo].[matesharp_roleClaim_Joint]')
GO
CREATE TABLE dbo.matesharp_roleClaim_Joint (
  Claim_Id int NOT NULL,
  Role_Id int NOT NULL
)
ON [PRIMARY]
GO

--
-- Create table [dbo].[hibernate_unique_key]
--
PRINT (N'Create table [dbo].[hibernate_unique_key]')
GO
CREATE TABLE dbo.hibernate_unique_key (
  next_hi int NULL
)
ON [PRIMARY]
GO

--
-- Create table [dbo].[fileRegistry_joint]
--
PRINT (N'Create table [dbo].[fileRegistry_joint]')
GO
CREATE TABLE dbo.fileRegistry_joint (
  registry_Id uniqueidentifier NOT NULL,
  file_Id uniqueidentifier NOT NULL
)
ON [PRIMARY]
GO
-- 
-- Dumping data for table alarmFired
--
-- Table MetiTestRilascio.dbo.alarmFired does not contain any data (it is empty)
-- 
-- Dumping data for table alarmMetrics
--
-- Table MetiTestRilascio.dbo.alarmMetrics does not contain any data (it is empty)
-- 
-- Dumping data for table alarms
--
-- Table MetiTestRilascio.dbo.alarms does not contain any data (it is empty)
-- 
-- Dumping data for table deviceErrorLogs
--
-- Table MetiTestRilascio.dbo.deviceErrorLogs does not contain any data (it is empty)
-- 
-- Dumping data for table devices
--
-- Table MetiTestRilascio.dbo.devices does not contain any data (it is empty)
-- 
-- Dumping data for table fileRegistry_joint
--
-- Table MetiTestRilascio.dbo.fileRegistry_joint does not contain any data (it is empty)
-- 
-- Dumping data for table files
--
-- Table MetiTestRilascio.dbo.files does not contain any data (it is empty)
-- 
-- Dumping data for table healthRisks
--
-- Table MetiTestRilascio.dbo.healthRisks does not contain any data (it is empty)
-- 
-- Dumping data for table hibernate_unique_key
--
INSERT dbo.hibernate_unique_key VALUES (3)
GO
-- 
-- Dumping data for table inviteFriends
--
-- Table MetiTestRilascio.dbo.inviteFriends does not contain any data (it is empty)
-- 
-- Dumping data for table matesharp_claims
--
INSERT dbo.matesharp_claims VALUES (32768, N'IsMedico', NULL, NULL, N'', '2020-01-23 12:54:42.000')
INSERT dbo.matesharp_claims VALUES (32769, N'IsCentraleOperativa', NULL, NULL, N'', '2020-01-23 12:54:42.000')
INSERT dbo.matesharp_claims VALUES (32770, N'IsConfiguratore', NULL, NULL, N'', '2020-01-23 12:54:42.000')
GO
-- 
-- Dumping data for table matesharp_roleClaim_Joint
--
INSERT dbo.matesharp_roleClaim_Joint VALUES (32768, 65536)
INSERT dbo.matesharp_roleClaim_Joint VALUES (32769, 65537)
INSERT dbo.matesharp_roleClaim_Joint VALUES (32770, 65538)
INSERT dbo.matesharp_roleClaim_Joint VALUES (32768, 65539)
INSERT dbo.matesharp_roleClaim_Joint VALUES (32769, 65539)
INSERT dbo.matesharp_roleClaim_Joint VALUES (32770, 65539)
GO
-- 
-- Dumping data for table matesharp_roles
--
INSERT dbo.matesharp_roles VALUES (65536, N'Medico', N'', '2020-01-23 12:54:43.000')
INSERT dbo.matesharp_roles VALUES (65537, N'Centrale Operativa', N'', '2020-01-23 12:54:43.000')
INSERT dbo.matesharp_roles VALUES (65538, N'Configuratore', N'', '2020-01-23 12:54:43.000')
INSERT dbo.matesharp_roles VALUES (65539, N'Admin', N'', '2020-01-23 12:54:43.000')
INSERT dbo.matesharp_roles VALUES (65540, N'Cliente', N'', '2020-01-23 12:54:43.000')
GO
-- 
-- Dumping data for table matesharp_userRole_Joint
--
INSERT dbo.matesharp_userRole_Joint VALUES (65539, '4a224890-32b0-4cb3-86ff-ab4b00c44d9b')
GO
-- 
-- Dumping data for table matesharp_users
--
INSERT dbo.matesharp_users VALUES ('4a224890-32b0-4cb3-86ff-ab4b00c44d9b', N'Admin', N'Admin', N'Admin', N'test@test.it', N'ySl2UVzgYpvgD3PTEjl2J2dc45Wp8MdVckw0gj12n2o=', 1, NULL, NULL, '2020-01-23 12:54:43.000')
GO
-- 
-- Dumping data for table parameters
--
-- Table MetiTestRilascio.dbo.parameters does not contain any data (it is empty)
-- 
-- Dumping data for table process
--
-- Table MetiTestRilascio.dbo.process does not contain any data (it is empty)
-- 
-- Dumping data for table processInstanceDoctor_joint
--
-- Table MetiTestRilascio.dbo.processInstanceDoctor_joint does not contain any data (it is empty)
-- 
-- Dumping data for table processInstanceReferencePerson_joint
--
-- Table MetiTestRilascio.dbo.processInstanceReferencePerson_joint does not contain any data (it is empty)
-- 
-- Dumping data for table processInstances
--
-- Table MetiTestRilascio.dbo.processInstances does not contain any data (it is empty)
-- 
-- Dumping data for table registry
--
-- Table MetiTestRilascio.dbo.registry does not contain any data (it is empty)

USE MetiTestRilascio
GO

IF DB_NAME() <> N'MetiTestRilascio' SET NOEXEC ON
GO

--
-- Create foreign key [FKD421EE994B286023] on table [dbo].[processInstances]
--
PRINT (N'Create foreign key [FKD421EE994B286023] on table [dbo].[processInstances]')
GO
ALTER TABLE dbo.processInstances
  ADD CONSTRAINT FKD421EE994B286023 FOREIGN KEY (Patient_Id) REFERENCES dbo.registry (Id)
GO

--
-- Create foreign key [FKD421EE99D8ED3C29] on table [dbo].[processInstances]
--
PRINT (N'Create foreign key [FKD421EE99D8ED3C29] on table [dbo].[processInstances]')
GO
ALTER TABLE dbo.processInstances
  ADD CONSTRAINT FKD421EE99D8ED3C29 FOREIGN KEY (Process_Id) REFERENCES dbo.process (Id)
GO

--
-- Create foreign key [FKFBEE674C507742AB] on table [dbo].[processInstanceReferencePerson_joint]
--
PRINT (N'Create foreign key [FKFBEE674C507742AB] on table [dbo].[processInstanceReferencePerson_joint]')
GO
ALTER TABLE dbo.processInstanceReferencePerson_joint
  ADD CONSTRAINT FKFBEE674C507742AB FOREIGN KEY (ProcessInstance_Id) REFERENCES dbo.processInstances (Id)
GO

--
-- Create foreign key [FKFBEE674C811086C9] on table [dbo].[processInstanceReferencePerson_joint]
--
PRINT (N'Create foreign key [FKFBEE674C811086C9] on table [dbo].[processInstanceReferencePerson_joint]')
GO
ALTER TABLE dbo.processInstanceReferencePerson_joint
  ADD CONSTRAINT FKFBEE674C811086C9 FOREIGN KEY (ReferencePerson_Id) REFERENCES dbo.registry (Id)
GO

--
-- Create foreign key [FK7AC3FC56507742AB] on table [dbo].[processInstanceDoctor_joint]
--
PRINT (N'Create foreign key [FK7AC3FC56507742AB] on table [dbo].[processInstanceDoctor_joint]')
GO
ALTER TABLE dbo.processInstanceDoctor_joint
  ADD CONSTRAINT FK7AC3FC56507742AB FOREIGN KEY (ProcessInstance_Id) REFERENCES dbo.processInstances (Id)
GO

--
-- Create foreign key [FK7AC3FC56F7189F4E] on table [dbo].[processInstanceDoctor_joint]
--
PRINT (N'Create foreign key [FK7AC3FC56F7189F4E] on table [dbo].[processInstanceDoctor_joint]')
GO
ALTER TABLE dbo.processInstanceDoctor_joint
  ADD CONSTRAINT FK7AC3FC56F7189F4E FOREIGN KEY (Doctor_Id) REFERENCES dbo.registry (Id)
GO

--
-- Create foreign key [FKFD084E8C507742AB] on table [dbo].[inviteFriends]
--
PRINT (N'Create foreign key [FKFD084E8C507742AB] on table [dbo].[inviteFriends]')
GO
ALTER TABLE dbo.inviteFriends
  ADD CONSTRAINT FKFD084E8C507742AB FOREIGN KEY (ProcessInstance_Id) REFERENCES dbo.processInstances (Id)
GO

--
-- Create foreign key [FKC90299FAD8ED3C29] on table [dbo].[parameters]
--
PRINT (N'Create foreign key [FKC90299FAD8ED3C29] on table [dbo].[parameters]')
GO
ALTER TABLE dbo.parameters
  ADD CONSTRAINT FKC90299FAD8ED3C29 FOREIGN KEY (Process_Id) REFERENCES dbo.process (Id)
GO

--
-- Create foreign key [FKA044A72F89724DD1] on table [dbo].[alarms]
--
PRINT (N'Create foreign key [FKA044A72F89724DD1] on table [dbo].[alarms]')
GO
ALTER TABLE dbo.alarms
  ADD CONSTRAINT FKA044A72F89724DD1 FOREIGN KEY (Parameter_Id) REFERENCES dbo.parameters (Id)
GO

--
-- Create foreign key [FKE8DF1F80857CBC9A] on table [dbo].[alarmMetrics]
--
PRINT (N'Create foreign key [FKE8DF1F80857CBC9A] on table [dbo].[alarmMetrics]')
GO
ALTER TABLE dbo.alarmMetrics
  ADD CONSTRAINT FKE8DF1F80857CBC9A FOREIGN KEY (Alarm_Id) REFERENCES dbo.alarms (Id)
GO

--
-- Create foreign key [FKE8DF1F80A59E1E3F] on table [dbo].[alarmMetrics]
--
PRINT (N'Create foreign key [FKE8DF1F80A59E1E3F] on table [dbo].[alarmMetrics]')
GO
ALTER TABLE dbo.alarmMetrics
  ADD CONSTRAINT FKE8DF1F80A59E1E3F FOREIGN KEY (Device_Id) REFERENCES dbo.devices (Id)
GO

--
-- Create foreign key [FK825505A4507742AB] on table [dbo].[alarmFired]
--
PRINT (N'Create foreign key [FK825505A4507742AB] on table [dbo].[alarmFired]')
GO
ALTER TABLE dbo.alarmFired
  ADD CONSTRAINT FK825505A4507742AB FOREIGN KEY (ProcessInstance_Id) REFERENCES dbo.processInstances (Id)
GO

--
-- Create foreign key [FK825505A4857CBC9A] on table [dbo].[alarmFired]
--
PRINT (N'Create foreign key [FK825505A4857CBC9A] on table [dbo].[alarmFired]')
GO
ALTER TABLE dbo.alarmFired
  ADD CONSTRAINT FK825505A4857CBC9A FOREIGN KEY (Alarm_Id) REFERENCES dbo.alarms (Id)
GO

--
-- Create foreign key [FK825505A489724DD1] on table [dbo].[alarmFired]
--
PRINT (N'Create foreign key [FK825505A489724DD1] on table [dbo].[alarmFired]')
GO
ALTER TABLE dbo.alarmFired
  ADD CONSTRAINT FK825505A489724DD1 FOREIGN KEY (Parameter_Id) REFERENCES dbo.parameters (Id)
GO

--
-- Create foreign key [FKEB20963536AC702D] on table [dbo].[healthRisks]
--
PRINT (N'Create foreign key [FKEB20963536AC702D] on table [dbo].[healthRisks]')
GO
ALTER TABLE dbo.healthRisks
  ADD CONSTRAINT FKEB20963536AC702D FOREIGN KEY (Registry_Id) REFERENCES dbo.registry (Id)
GO

--
-- Create foreign key [FK9553952F22BFFB9C] on table [dbo].[matesharp_userRole_Joint]
--
PRINT (N'Create foreign key [FK9553952F22BFFB9C] on table [dbo].[matesharp_userRole_Joint]')
GO
ALTER TABLE dbo.matesharp_userRole_Joint
  ADD CONSTRAINT FK9553952F22BFFB9C FOREIGN KEY (User_Id) REFERENCES dbo.matesharp_users (Id)
GO

--
-- Create foreign key [FK9553952FF775B2AE] on table [dbo].[matesharp_userRole_Joint]
--
PRINT (N'Create foreign key [FK9553952FF775B2AE] on table [dbo].[matesharp_userRole_Joint]')
GO
ALTER TABLE dbo.matesharp_userRole_Joint
  ADD CONSTRAINT FK9553952FF775B2AE FOREIGN KEY (Role_Id) REFERENCES dbo.matesharp_roles (Id)
GO

--
-- Create foreign key [FKEED8C71469919A89] on table [dbo].[matesharp_roleClaim_Joint]
--
PRINT (N'Create foreign key [FKEED8C71469919A89] on table [dbo].[matesharp_roleClaim_Joint]')
GO
ALTER TABLE dbo.matesharp_roleClaim_Joint
  ADD CONSTRAINT FKEED8C71469919A89 FOREIGN KEY (Claim_Id) REFERENCES dbo.matesharp_claims (Id)
GO

--
-- Create foreign key [FKEED8C714F775B2AE] on table [dbo].[matesharp_roleClaim_Joint]
--
PRINT (N'Create foreign key [FKEED8C714F775B2AE] on table [dbo].[matesharp_roleClaim_Joint]')
GO
ALTER TABLE dbo.matesharp_roleClaim_Joint
  ADD CONSTRAINT FKEED8C714F775B2AE FOREIGN KEY (Role_Id) REFERENCES dbo.matesharp_roles (Id)
GO

--
-- Create foreign key [FK9560E83636AC702D] on table [dbo].[fileRegistry_joint]
--
PRINT (N'Create foreign key [FK9560E83636AC702D] on table [dbo].[fileRegistry_joint]')
GO
ALTER TABLE dbo.fileRegistry_joint
  ADD CONSTRAINT FK9560E83636AC702D FOREIGN KEY (registry_Id) REFERENCES dbo.registry (Id)
GO

--
-- Create foreign key [FK9560E83647E5C877] on table [dbo].[fileRegistry_joint]
--
PRINT (N'Create foreign key [FK9560E83647E5C877] on table [dbo].[fileRegistry_joint]')
GO
ALTER TABLE dbo.fileRegistry_joint
  ADD CONSTRAINT FK9560E83647E5C877 FOREIGN KEY (file_Id) REFERENCES dbo.files (Id)
GO
SET NOEXEC OFF
GO